x,y,yy,xx,z,zz
1,1.1051709181,1.2214027582,6,6,6.0496474644
2,1.2214027582,1.4918246976,7,7,8.1661699126
3,1.3498588076,1.8221188004,8,8,11.0231763806
4,1.4918246976,2.2255409285,9,9,14.8797317249
5,1.6487212707,2.7182818285,10,10,20.0855369232
6,1.8221188004,3.3201169227,11,11,27.1126389207
7,2.0137527075,4.0551999668,12,12,36.5982344437
